ID	комнат\тип	цена	район	ориентир	улица	этаж	этажность	общая площадь	жилая площадь	площадь кухни	схема	материал	с\у	балкон	состояние	телефон 1	комментарий
393783	3и	16	Богодуховский район	Богодухов	Центральная	2	2	60	45	8	разд	кир.	совм.	Балк. НЕТ	жилое	095-191-61-59	095-191-61-59
393823	2и	26	Сосновая Горка	Сосновая горка	Мирная ул.	6	12	78	44	20	разд	кир.	разд.	2 бал.заст.	строительный	099-445-48-02	
393894	2и	8,5	Богодуховский район	Богодухов	Героев Чернобыля	1	1	62	29	10	смеж	кир.	двор	Балк. НЕТ	жилое	050-746-11-93	
393895	2и	9	Богодуховский район	Максимовка	Молодежная	2	2	44	27	6	разд	кир.	совм.	Балк. НЕТ	строительный	050-746-11-93	
393994	1и	10	Богодуховский район	Богодухов	Катукова	4	5	32	11	11	разд	кир.	совм.	Балк. НЕТ	жилое	050-746-11-93	
393995	3и	10,5	Богодуховский район	Богодухов	8-го Мехкорпуса	1	2	46	32	6	2+1	кир.	совм.	Балк. НЕТ	жилое	050-746-11-93	
394066	4п	30	Центр	Сафари спорт	Фейербаха пл.	3	3	78	60	10	2+1+1	кир.	разд.	Балк. НЕТ	жилое	050-364-00-35	
394074	2и	2,6	Богодуховский район	Кленовое	Конопельца	1	1	61	29	8	разд	кир.	двор	Балк. НЕТ	без ремонта	050-746-11-93	
394075	2и	3,6	Богодуховский район	Кленовое	Конопельца	1	1	63	28	7	разд	кир.	двор	Балк. НЕТ	жилое	050-746-11-93	
394225	3н	81	Сосновая Горка	метро Научная	Клочковская ул.	10	17	65	40	12	2+1	монол	совм.	1 балк.заст.	евроремонт	099-045-75-25	
394237	1и	8,5	Богодуховский район	Богодухов	Космическая	2	5	29	19	5	разд	кир.	совм.	1 балкон	жилое	050-746-11-93	
394238	3и	9,9	Богодуховский район	Богодухов	Железнодорожная	1	1	76	33	17	разд	кир.	нет	Балк. НЕТ	жилое	050-746-11-93	
394239	3и	23	Богодуховский район	Богодухов	Оверченко	2	2	69	47	8	разд	кир.	совм.	Балк. НЕТ	капитальный	050-746-11-93	
394247	5и	155	Центр	метро Исторический музей	Пушкинская ул.	3	6	140	9	15	разд	кир.	2 сов.	1 балкон	евроремонт	093-761-69-47	
394264	8и	340	Нагорный район	площадь Поэзии	Садовая ул.	2	2	240	160	15	разд	кир.	совм.	Балк. НЕТ	капитальный	067-918-50-55	
394288	2и	10	Богодуховский район	Богодухов	Космическая	5	5	50	30	14	разд	пан.	разд.	1 балкон	жилое	050-746-11-93	
394296	1г	15,999	Нагорный район	метро Университет	Мироносицкая ул.	2	5	22	15	5	разд	кир.	разд.	1 балкон	капитальный	067-890-52-57	
394307	1и	9	Богодуховский район	Богодухов	Демьяновская	2	2	26	12	7	разд	кир.	совм.	1 балкон	жилое	050-746-11-93	
394308	3и	20	Богодуховский район	Богодухов	Поповича	2	2	50	37	6	2+1	кир.	совм.	1 балк.заст.	евроремонт	050-746-11-93	
394359	3и	10	Богодуховский район	Лозовая	Агрошкильна	2	2	89	40	11	разд	кир.	разд.	1 балк.заст.	жилое	050-746-11-93	
394365	2н	26	Сосновая Горка	Сосновая горка	Мирная ул.	6	12	78	44	20	разд	кир.	разд.	2 бал.заст.	строительный	099-445-48-02	
394370	4и	16	Богодуховский район	Гуты	Первухинская	1	1	136	59	17	разд	кир.	разд.	Балк. НЕТ	евроремонт	050-746-11-93	
394401	2и	9,85	Богодуховский район	Богодухов	Кривоносова	1	3	40	33	6	разд	кир.	совм.	Балк. НЕТ	косметика	068-600-89-17	
394425	3и	10	Богодуховский район	Богодухов	Космическая	4	5	52	37	6	смеж	кир.	совм.	1 балкон	капитальный	050-746-11-93	
394426	4и	17	Богодуховский район	Богодухов	Космическая	5	5	86	54	11	разд	кир.	2 раз.	1 балкон	жилое	050-746-11-93	
394427	4и	110	ХТЗ	м. Тракторный завод	Бекетова ул.	2	5	96	68	16	разд	кир.	совм.	1 балк.заст.	евроремонт	096-332-94-40	
394441	3и	16,5	Богодуховский район	Богодухов	Грайворонская	1	2	60	45	7	2+1	кир.	совм.	Балк. НЕТ	жилое	068-600-89-17	
394469	3и	16	Богодуховский район	Богодухов	Центральная	2	2	60	45	8	разд	кир.	совм.	Балк. НЕТ	жилое	095-191-61-59	
394470	1и	5	Богодуховский район	Богодухов	Катукова	1	5	31	15	9	разд	пан.	разд.	Балк. НЕТ	жилое	095-191-61-59	
394471	3и	21	Богодуховский район	Богодухов	Покровская	1	1	80	50	12	смеж	кир.	разд.	Балк. НЕТ	жилое	095-191-61-59	
394472	1и	9	Богодуховский район	Богодухов	Троицкая	1	1	48	15	9	смеж	кир.	совм.	Балк. НЕТ	жилое	095-191-61-59	
392360	2и	30,1	Павлово Поле	метро 23 августа	Науки просп.	1	5	44	28	6	смеж	блоч.	совм.	Балк. НЕТ	жилое	095-648-00-67	
392724	2и	3,35	Чугуевский район	Ивановка	Центральная	1	2	48	25	9	разд	кир.	разд.	1 балк.заст.	жилое	097-511-85-76	
392776	3и	40	Павлово Поле	метро Ботанический сад	Балакирева ул.	3	9	76	49	7	разд	кир.	разд.	1 балк.заст.	жилое	095-648-00-67	
393047	1и	8,9	Холодная Гора	ЮЖД	Гиевская ул.	2	2	28	19	8	разд	кир.	совм.	Балк. НЕТ	жилое	096-863-72-26	
393048	3и	33,5	Салтовка 522м/р	Караван	Героев Труда ул.	1	9	66	45	7	разд	пан.	совм.	2 бал.заст.	жилое	096-863-72-26	
393123	3и	17	Харьковский район	Безлюдовка	Мостострой	1	2	51	34	5	2+1	кир.	совм.	Балк. НЕТ	жилое	097-511-85-76	
393284	1и	23	Харьковский район	Песочин	Набережная	8	9	32	17	6	разд	блоч.	разд.	1 балк.заст.	капитальный	050-263-81-52	
393355	3и	39	Салтовка 606м/р	606 мкр супермаркет Класс Валентиновская ул.	3	9	65	45	7	разд	пан.	совм.	2 бал.заст.	капитальный	050-555-95-14
393362	3и	24,5	Рогань	супкрмаркет Класс	Грицевца Сергея ул.	9	9	70	42	9	разд	пан.	разд.	1 балк.заст.	жилое	095-648-00-67	
393622	3и	35,5	Новые Дома	метро Дворец спорта	Героев Сталинграда просп.	5	5	64	44	7	разд	пан.	совм.	1 балк.заст.	евроремонт	095-648-00-67	
393637	2и	19	ХТЗ	м.Индустриальная	12 Апреля ул.	5	5	42	26	6	разд	пан.	совм.	1 балк.заст.	жилое	096-332-94-40	
393739	1г	11,7	м. пл. Восстания	Атлант магазин стройматериалов	Московский просп.	1	3	17	13	1	разд	кир.	совм.	Балк. НЕТ	капитальный	050-364-00-35	
393740	3и	36,5	Салтовка 520м/р	м.Студенческая	Владислава Зубенко ул.	4	12	66	44	7	разд	пан.	разд.	2 балкона	жилое	050-364-00-35	
393742	3и	26,5	Салтовка 626м/р	мед комплекс	Краснодарская ул.	4	12	65	46	7	разд	пан.	разд.	2 бал.заст.	без ремонта	096-579-64-03	
393747	3и	45	Салтовка 607м/р	ресторан Гершир	Гвардейцев Широнинцев ул.	3	10	68	40	8	разд	кир.	разд.	1 балкон	жилое	099-465-38-20	
393751	1г	20,5	Центральный рынок	ЖК Карамель	Резниковский пер.	8	9	35	18	12	разд	кир.	совм.	Балк. НЕТ	строительный	099-465-38-20	
393754	1г	27	Центральный рынок	ЖК Карамель	Резниковский пер.	8	9	44	22	17	разд	кир.	совм.	Балк. НЕТ	строительный	099-465-38-20	
393757	2и	24	Новый цирк	Газовое хозяйство	Москалевская ул.	3	5	47	30	7	смеж	кир.	совм.	1 балк.заст.	жилое	098-445-06-81	
393759	1г	8,6	Салтовка 535м/р	Посад	Владислава Зубенко ул.	9	9	30	20	3	разд	кир.	общий	1 балкон	без ремонта	099-194-85-70	
393761	3н	60	1 Северная Салтовка	ЖК Родниковая 9а	Родниковая ул.	5	15	120	55	20	разд	кир.	разд.	1 балкон	строительный	099-194-85-70	
393779	2и	29,9	Новый цирк	ЦНАП	Гимназическая набережная	6	9	42	26	6	разд	кир.	разд.	1 балк.заст.	жилое	096-070-96-56	
393780	2и	29,9	Гагарина	м. Гагарина	Гимназическая набережная	6	9	42	26	6	разд	кир.	разд.	1 балк.заст.	жилое	096-070-96-56	
393781	2и	27	Салтовка 626м/р	медкомплнекс	Сонячна	9	16	51	28	9	разд	пан.	разд.	1 балк.заст.	средний	050-578-50-16	
393788	3и	37,7	Алексеевка	метро Алексеевская	Ахсарова ул.	2	9	64	45	7	разд	пан.	разд.	2 бал.заст.	жилое	099-495-55-79	
393792	1г	16,5	м. пл. Восстания	ЖК Парковый квартал	Московский просп.	4	7	25	18	5	разд	кир.	совм.	Балк. НЕТ	евроремонт	068-089-98-52	
393807	2г	18	Салтовка 616м/р	метро Ак. Павлова	Гвардейцев Широнинцев ул.	3	9	46	30	3	разд	кир.	общий	Балк. НЕТ	жилое	095-580-07-00	
393808	1п	16	Нагорный район	метро Пушкинская	Максимилиановская ул.	3	4	27	19	3	разд	кир.	разд.	1 балкон	жилое	095-580-07-00	
393810	1н	27	Новые Дома	ЖК Ньютона	Ньютона ул.	1	9	38	17	10	разд	кир.	совм.	1 балк.заст.	евроремонт	093-950-79-79	
393811	2и	77	Салтовка 531м/р	метро Героев Труда.	Тракторостроителей просп.	3	14	65	23	20	разд	кир.	2 сов.	1 балк.заст.	евроремонт	063-345-54-59	
393814	2и	76,9	Салтовка 531м/р	Владимирский храм.	Тракторостроителей просп.	3	14	67	23	20	разд	кир.	2 сов.	1 балк.заст.	евроремонт	063-345-54-59	
393834	1и	28	Павлово Поле	круг троллейбуса на Клочковской	Клочковская ул.	8	10	36	20	6	разд	кир.	совм.	1 балкон	косметика	095-391-06-19	
393838	1г	12,5	Салтовка 606А м/р	Поссад	Владислава Зубенко ул.	2	5	17	15	1	разд	кир.	совм.	Балк. НЕТ	косметика	050-967-35-58	
393839	3и	35,5	Новые Дома	метро Дворец спорта	Героев Сталинграда просп.	5	5	64	45	7	разд	монол	совм.	1 балк.заст.	евроремонт	095-648-00-67	
393840	3и	24,5	Рогань	ТЦ  Класс 	Грицевца Сергея ул.	9	9	71	46	8	разд	пан.	разд.	1 балк.заст.	косметика	095-648-00-67
393847	2и	20,5	Лысая Гора	улица Таганская	3-ий Таганский пер.	1	5	44	30	6	смеж	пан.	разд.	Балк. НЕТ	жилое	067-727-13-60	
393851	1и	21	Южнопроектная	ул.Сохора	Эстакадный въезд	1	2	32	19	6	разд	кир.	совм.	Балк. НЕТ	капитальный	063-643-18-52	
393854	3и	57,5	Новые Дома	метро Дворец Спорта	Московский просп.	5	5	95	58	12	разд	кир.	совм.	1 балк.заст.	капитальный	063-643-18-52	
393855	2и	9,5	Харьковский район	Стрелечья	Молодежная	1	5	45	31	7	смеж	пан.	совм.	Балк. НЕТ	капитальный	067-946-90-87	
393857	1и	24,9	Новые Дома	м.Армейская	Танкопия ул.	8	9	37	17	8	разд	пан.	разд.	2 бал.заст.	жилое	095-545-35-37	
393859	1г	6	ХТЗ	Рынок	Александровский просп.	5	5	18	12	3	разд	кир.	общий	Балк. НЕТ	капитальный	095-545-35-37	
393863	3и	78	Нагорный район	парк Шевченко	Гиршмана ул.	3	4	83	58	15	разд	кир.	совм.	1 балкон	строительный	050-956-85-66	
393865	3и	105	ХТЗ	м. Хтз 2 мин.	Архитектора Алешина просп.	7	9	95	45	17	разд	кир.	2 сов.	1 балк.заст.	евроремонт	095-545-35-37	
393867	1г	4,9	ХТЗ	М. Индустриальная	12 Апреля ул.	5	5	19	14	3	разд	кир.	общий	Балк. НЕТ	жилое	096-332-94-40	
393871	1г	5	Рогань	институт Докучаева	Докучаева	4	5	40	19	10	разд	кир.	разд.	Балк. НЕТ	жилое	096-087-49-27	
393872	1и	18,5	м. Спортивная	метро Спортивная	Московский просп.	4	7	28	18	5	разд	кир.	совм.	Балк. НЕТ	евроремонт	067-571-25-14	
393873	1и	18	м. Спортивная	метро Спортивная	Московский просп.	4	7	25	15	5	разд	кир.	совм.	Балк. НЕТ	евроремонт	067-571-25-14	
393874	2н	55	Алексеевка	ЖК Победы	Победы просп.	5	16	64	31	10	разд	кир.	разд.	2 балкона	строительный	096-325-28-84	
393875	3и	26,5	ХТЗ	м.Масельського	Северина Потоцкого пер.	4	5	51	35	6	2+1	кир.	разд.	1 балк.заст.	жилое	096-087-49-27	
393876	1г	17	м. пл. Восстания	Атлант на пр.Московском	Московский просп.	1	3	25	18	4	разд	кир.	совм.	Балк. НЕТ	капитальный	050-364-00-35	
393877	5и	35	ХТЗ	ул. 12 апреля	Франтишека Крала ул.	3	5	94	64	10	разд	кир.	общий	Балк. НЕТ	жилое	099-291-48-57	
393880	1и	11,9	Дергачевский район	Березовское	санаторий Берминводы	1	5	36	18	9	разд	пан.	разд.	1 балк.заст.	жилое	050-683-64-79	
393886	1г	16	Салтовка 602м/р	ТЦ Французский бульвар	Фисановича ул.	1	2	30	22	4	разд	кир.	разд.	1 балк.заст.	косметика	099-019-76-58	
393888	2и	11,8	Москалевка	з-д Шевченко	Основянская ул.	1	1	40	30	6	смеж	кир.	нет	Балк. НЕТ	косметика	099-019-76-58	
393891	3н	39,95	Холодная Гора	ЖК Титаренковский, 10	Титаренковский пер.	5	6	99	54	24	разд	монол	2 сов.	Балк. НЕТ	косметика	050-102-26-56	
393903	1н	19	Индустриальная	метро	Московский просп.	1	9	45	19	9	разд	кир.	общий	1 балкон	строительный	050-029-85-30	
393915	2и	64,9	Нагорный район	м"Университет"	Независимости просп.	4	4	70	48	9	разд	кир.	совм.	2 бал.заст.	строительный	063-635-74-01	
393917	1и	13,5	Восточный	МЧС	Роганская ул.	3	3	30	16	5	разд	кир.	совм.	1 балкон	без ремонта	050-138-46-40	
393918	2и	27,5	Салтовка 607м/р	М. Героев Труда	Героев Труда ул.	2	5	46	33	6	2+1	пан.	совм.	1 балк.заст.	жилое	066-933-01-75	
393921	1г	5,5	ХТЗ	мебельный	Александровский просп.	3	5	18	12	6	разд	монол	разд.	Балк. НЕТ	жилое	050-029-85-30	
393922	1г	11,1	Новые Дома	Класс	Ньютона ул.	3	5	22	13	4	разд	блоч.	разд.	Балк. НЕТ	косметика	050-029-85-30	
393923	3и	65	Салтовка 602м/р	" Французский Бульвар"	Салтовское шоссе	3	9	85	47	14	разд	кир.	2 сов.	3 балк.заст.	евроремонт	050-138-46-40	
393924	2и	17,999	Нижний Центр	Майдан Конституции	Троицкий пер.	1	2	39	29	3	разд	кир.	совм.	Балк. НЕТ	строительный	050-716-37-08	
393929	2н	84	Павлово Поле	ул. Балакирева	Балакирева ул.	1	9	59	31	13	разд	кир.	совм.	2 бал.заст.	евроремонт	095-391-06-19	
393930	1и	33	Павлово Поле	м. 23 Августа	23 Августа ул.	1	5	30	17	6	разд	кир.	совм.	Балк. НЕТ	капитальный	095-391-06-19	
393931	3и	91	Салтовка 608м/р	метро	Академика Павлова ул.	8	16	84	54	9	разд	монол	разд.	1 балк.заст.	евроремонт	050-029-85-30	
393934	2и	22	Новые Дома	Коммунальный рынок	Ньютона ул.	5	5	48	33	6	разд	пан.	разд.	1 балк.заст.	жилое	066-082-97-82	
393936	2г	10	Нижний Центр	ж/д-академия	Фейербаха пл.	1	2	38	28	9	разд	кир.	общий	Балк. НЕТ	жилое	096-589-24-86	
393937	2и	15	Харьковский район	Безлюдовка	Петровского	2	4	35	20	6	разд	кир.	разд.	1 балк.заст.	капитальный	096-589-24-86	
393938	1и	17	Сортировка	Городок	Большая Панасовская ул.	2	9	51	30	7	разд	кир.	разд.	1 балк.заст.	жилое	096-589-24-86	
393940	2н	39,95	Холодная Гора	ЖК Титаренковский, 10	Титаренковский пер.	5	5	99	55	24	разд	монол	2 сов.	Балк. НЕТ	средний	050-102-26-56	
393941	2н	60	Салтовка 524м/р	ЖК Журавли	Академика Павлова ул.	15	23	64	33	11	разд	кир.	2 раз.	2 балкона	строительный	093-950-79-79	
393950	2и	39	м. пл. Восстания	Метро Площадь Восстания	Московский просп.	2	5	51	28	9	разд	кир.	разд.	1 балк.заст.	косметика	067-572-83-36	
393951	1и	23	Салтовка 604м/р	ТРК Украина	Руслана Плоходько ул.	9	9	33	18	7	разд	пан.	совм.	1 балк.заст.	капитальный	068-881-03-50	
393959	1г	25,9	Центр	М. Научная	Лозовская	2	6	20	15	4	разд	кир.	совм.	Балк. НЕТ	евроремонт	066-933-01-75	
393979	1г	12,3	Салтовка 606А м/р	Гарибальди	Владислава Зубенко ул.	2	5	17	15	1	разд	кир.	совм.	Балк. НЕТ	косметика	050-967-35-58	
393986	4и	31	Залютино	Центр Залютино	Инициативная ул.	3	5	63	47	6	разд	кир.	разд.	1 балкон	жилое	050-364-00-35	
393992	1и	15,9	Восточный	метро Индустриальная	Шариковая ул.	4	9	26	13	6	разд	пан.	разд.	1 балк.заст.	косметика	098-784-78-32	
393993	4и	37	Салтовка 625м/р	Класс	Амосова	9	10	110	44	7	2+1+1	пан.	разд.	2 бал.заст.	косметика	095-409-86-04	
394005	3и	28,3	Харьковский район	Песочин	Набережный в-д	1	9	75	45	9	разд	пан.	разд.	1 балк.заст.	жилое	099-204-08-02	
394006	2и	24	Южнопроектная	Метро	Гагарина просп.	2	5	44	28	6	разд	пан.	разд.	1 балк.заст.	без ремонта	099-204-08-02	
394008	2п	10,3	Холодная Гора	м.Холодная гора	Полтавский Шлях	1	2	35	23	8	разд	кир.	разд.	1 балк.заст.	жилое	097-030-31-84	
394009	1и	35,5	Салтовка 625м/р	Класс	Салтовское шоссе	5	12	33	17	7	разд	пан.	совм.	1 балк.заст.	евроремонт	099-445-48-02	
394010	1г	12	Старая Салтовка	Халтурина	Халтурина ул.	1	2	18	14	2	разд	кир.	совм.	Балк. НЕТ	косметика	099-445-48-02	
394014	1г	12,5	Артема	м. з-д Малышева	Черноморская ул.	2	4	22	17	5	разд	кир.	разд.	Балк. НЕТ	косметика	050-683-64-79	
394019	1и	38	Жуковского	Дача 55	Дача № 55 ул.	1	9	48	33	14	разд	пан.	совм.	1 балк.заст.	евроремонт	093-975-70-80	
394023	2и	59	Нагорный район	метро Бекетова	Дарвина ул.	4	5	59	33	16	разд	кир.	совм.	1 балкон	косметика	063-643-18-52	
394024	4и	39,7	Одесская	Класс	Гагарина просп.	1	9	80	50	9	разд	кир.	разд.	1 балк.заст.	жилое	097-007-90-18	
394025	2и	24,3	Основа	Ж/д вокзал Основа	Валдайская ул.	8	9	43	29	7	разд	кир.	разд.	1 балк.заст.	капитальный	097-007-90-18	
394028	3и	50	Гагарина	с/м Таврия	Гагарина просп.	8	9	57	45	7	разд	кир.	совм.	2 бал.заст.	капитальный	099-019-76-58	
394031	3и	40	Салтовка 608м/р	м. Героев Труда	Героев Труда ул.	2	9	66	40	6	2+1	пан.	совм.	2 бал.заст.	жилое	066-082-97-82	
394044	1г	16,5	м. пл. Восстания	ЖК Парковый квартал	Московский просп.	4	7	25	18	5	разд	кир.	совм.	Балк. НЕТ	евроремонт	068-089-98-52	
394046	1г	8,2	Журавлевка	м.Киевская	Тахиаташская ул.	5	9	32	13	10	разд	кир.	разд.	Балк. НЕТ	косметика	099-474-86-36	
394063	3и	46,5	Павлово Поле	ХАДО	23 Августа пер.	1	9	65	39	9	разд	кир.	совм.	1 балк.заст.	капитальный	099-917-83-36	
394067	2и	7	Балаклейский район	Савинцы	Центральная	1	2	51	32	8	разд	кир.	совм.	Балк. НЕТ	жилое	095-348-19-65	
394068	2и	25	Новые Дома	Метро Дворец спорта	Василия Мельникова ул.	1	5	40	25	6	разд	блоч.	разд.	Балк. НЕТ	жилое	063-242-51-47	
394069	2и	33	Конный рынок	метро Спортивная	Молочная ул.	1	16	50	29	9	разд	пан.	разд.	Балк. НЕТ	косметика	063-643-18-52	
394076	3и	25,5	Рогань	Класс	Роганская ул.	3	9	70	45	9	разд	кир.	разд.	Балк. НЕТ	капитальный	067-572-83-36	
394079	2и	34,8	Алексеевка	м. Победа	Победы просп.	12	12	45	27	7	разд	пан.	разд.	1 балк.заст.	косметика	096-622-86-39	
394081	4и	45	Южный вокзал	Конева	Конева ул.	9	9	83	60	10	разд	кир.	разд.	2 бал.заст.	жилое	066-050-33-18	
394089	1и	14	Новые Дома	Метро Армейская 10 мин.пешком.	Танкопия ул.	5	5	30	18	7	разд	кир.	общий	1 балкон	без ремонта	067-604-55-80	
394090	3и	14	Балаклейский район	Балаклея	Куйбышева	9	9	74	44	9	2+1	пан.	разд.	2 бал.заст.	средний	050-738-32-88	
394091	3и	11	Балаклейский район	Балаклея	Центральная	3	5	64	44	7	2+1	кир.	совм.	2 бал.заст.	жилое	050-738-32-88	
394094	2г	15	Нижний Центр	Апеляционный суд	Героев Небесной Сотни г-н	2	3	39	28	8	разд	кир.	общий	Балк. НЕТ	косметика	063-643-18-52	
394102	4и	23	Харьковский район	Мерефа	Сумская ул.	5	5	77	43	9	разд	кир.	совм.	2 бал.заст.	капитальный	096-589-24-86	
394112	2и	20	Рогань	Б.Рогань	Горького	9	10	54	35	8	разд	пан.	разд.	1 балк.заст.	капитальный	096-087-49-27	
394114	1и	16	Рогань	центр	Горького	8	10	36	17	8	разд	пан.	совм.	1 балк.заст.	жилое	096-087-49-27	
394119	1и	23,5	Холодная Гора	Супермаркет Класс	Полтавский Шлях ул.	2	2	42	31	6	разд	д+к	совм.	Балк. НЕТ	капитальный	096-863-72-26	
394121	1и	20,5	Залютино	м.Холодная Гора	Борзенко ул.	6	9	33	17	7	разд	пан.	совм.	1 балк.заст.	капитальный	068-089-98-52	
394124	3и	70	Новые Дома	Коммунальный рынок	Ньютона ул.	1	4	99	61	22	разд	кир.	совм.	Балк. НЕТ	евроремонт	067-741-75-99	
394134	1и	28	Нижний Центр	Остановка ул.Дмитриевская	Дмитриевская ул.	2	4	32	20	6	смеж	кир.	совм.	Балк. НЕТ	капитальный	099-227-02-33	
394143	1и	40	Алексеевка	метро "Перемога" 2 мин.	Людвига Свободы	10	12	33	17	7	разд	пан.	совм.	1 балк.заст.	евроремонт	050-927-65-81	
394144	3и	60	Алексеевка	2 минутки метро " Перемога"	Людвига Свободы	9	12	65	44	7	разд	пан.	совм.	2 бал.заст.	евроремонт	050-927-65-81	
394145	3и	10	Балаклейский район	Балаклея	Соборная	2	9	65	41	7	разд	пан.	разд.	2 бал.заст.	косметика	050-738-32-88	
394147	3и	15	Балаклейский район	Балаклея	1-го Мая	4	5	64	44	8	разд	пан.	разд.	2 бал.заст.	косметика	050-738-32-88	
394148	2и	15	Балаклейский район	Балаклея	Куйбышева	9	9	54	33	9	разд	пан.	совм.	1 балк.заст.	капитальный	050-738-32-88	
394149	1и	6,5	Балаклейский район	Балаклея	Октябрьская	5	9	33	7	7	разд	пан.	разд.	1 балк.заст.	косметика	050-738-32-88	
394151	2и	11	Балаклейский район	Балаклея	Ленина	1	5	45	33	7	разд	монол	совм.	Балк. НЕТ	жилое	050-738-32-88	
394154	1и	5,5	Балаклейский район	Балаклея	Соборная	5	5	32	17	6	разд	кир.	совм.	1 балкон	жилое	050-738-32-88	
394157	2и	22	Новые Дома	Коммунальный рынок	Ньютона ул.	5	5	48	33	6	разд	пан.	разд.	1 балк.заст.	жилое	067-572-05-75	
394158	4и	39,9	Салтовка 533м/р	533	Тракторостроителей просп.	8	9	67	44	7	разд	кир.	разд.	1 балк.заст.	капитальный	050-029-85-30	
394161	3и	38	ХТЗ	метро ХТЗ	Индустриальный просп.	4	4	78	54	9	разд	кир.	разд.	1 балк.заст.	капитальный	073-325-06-05	
394162	1и	9,5	Змиевской район	Слобожанское	Спортивная	5	5	35	18	8	разд	кир.	разд.	1 балк.заст.	жилое	073-325-06-05	
394164	1и	21,5	Салтовка 605м/р	Метро Академика Павлова	Гвардейцев Широнинцев ул.	1	9	33	17	8	разд	пан.	совм.	1 балк.заст.	жилое	093-660-26-02	
394166	2и	35	Алексеевка	метро Алексеевская	Клочковская ул.	14	15	54	30	8	разд	кир.	разд.	1 балк.заст.	жилое	073-325-06-05	
394175	3и	33	Павлово Поле	АТБ на Деревянко	Деревянко Алексея ул.	5	5	57	41	7	разд	кир.	разд.	1 балкон	жилое	095-391-06-19	
394183	1г	15,2	Салтовка 615м/р	м.Академика Павлова	Гвардейцев Широнинцев ул.	5	9	27	18	4	разд	кир.	разд.	Балк. НЕТ	капитальный	093-307-37-03	
394186	1и	16,5	Холодная Гора	метро	Семинарская ул.	2	2	25	14	10	разд	кир.	совм.	Балк. НЕТ	капитальный	093-307-37-03	
394188	2и	17,5	Восточный	дигма	Шариковая ул.	1	5	38	24	6	разд	пан.	совм.	1 балк.заст.	жилое	093-307-37-03	
394192	1и	17,5	Новые Дома	Коммунальный рынок	Ньютона ул.	5	5	33	19	6	разд	кир.	совм.	1 балк.заст.	жилое	096-589-24-86	
394193	3и	24	Новая Бавария	ДК Ильича	Ново-Баварский просп.	3	4	70	48	7	2+1	кир.	разд.	1 балкон	жилое	096-589-24-86	
394194	1и	26	Основа	Одесская	Достоевского ул.	1	14	37	20	9	разд	кир.	совм.	1 балк.заст.	капитальный	096-589-24-86	
394195	2и	24	ХТЗ	Храм	Индустриальный просп.	4	5	45	32	6	смеж	пан.	совм.	1 балкон	капитальный	098-784-78-32	
394196	2и	16	ХТЗ	Индустриальный проспект	Библика ул.	4	4	48	38	8	разд	кир.	совм.	1 балк.заст.	без ремонта	096-589-24-86	
394197	2п	6,99	Холодная Гора	Магазин Кум	Семинарская ул.	2	3	47	32	7	смеж	кир.	разд.	Балк. НЕТ	жилое	099-227-02-33	
394200	1г	13,4	Новые Дома	Коммунальный рынок	Ньютона ул.	5	5	23	13	4	разд	кир.	совм.	Балк. НЕТ	капитальный	063-643-18-52	
394201	2и	34	1 Северная Салтовка	Супермаркет	Леся Сердюка ул.	4	16	51	30	9	разд	пан.	разд.	1 балк.заст.	жилое	099-917-83-36	
394205	2и	49,5	Центральный рынок	ТЮЗ	Полтавский Шлях ул.	2	5	80	44	11	разд	кир.	разд.	Балк. НЕТ	капитальный	050-967-35-58	
394206	2и	27	Новые Дома	Коммунальный рынок	Льва Ландау просп.	1	9	48	28	7	разд	кир.	совм.	1 балк.заст.	капитальный	095-409-86-04	
394207	3и	37	Салтовка 625м/р	супермаркет Класс	Амосова	9	10	110	45	7	2+1	пан.	разд.	1 балк.заст.	жилое	095-409-86-04	
394219	3и	44,8	Салтовка 520м/р	м студенческая	Гвардейцев Широнинцев ул.	9	9	65	45	7	разд	пан.	совм.	2 бал.заст.	капитальный	050-855-37-61	
394226	2и	32,5	Центр	м.пл.Конституции	Кузнечная ул.	1	2	62	43	8	смеж	кир.	совм.	Балк. НЕТ	жилое	067-768-81-68	
394227	1н	28,5	Новые Дома	ЖК Ньютона	Ньютона ул.	9	9	35	18	9	разд	кир.	совм.	1 балкон	евроремонт	099-445-48-02	
394232	4и	34,5	ХТЗ	метро Масельского	Северина Потоцкого ул.	6	16	80	48	17	2+2	пан.	совм.	2 бал.заст.	косметика	098-784-78-32	
394236	1г	12,4	Основа	Круг Транспорта	Рижский пер.	1	2	22	18	3	разд	кир.	совм.	Балк. НЕТ	капитальный	050-908-61-98	
394241	2г	14	Павлово Поле	метро 23 Августа	Шекспира ул.	1	5	45	30	11	разд	кир.	разд.	Балк. НЕТ	косметика	093-761-69-47	
394242	1и	25,49	Рогань	м. Индустриальная	Зубарева ул.	4	9	43	18	14	разд	монол	совм.	1 балк.заст.	капитальный	050-108-24-74	
394243	2г	20	м. пл. Восстания	метро Восстания	Молочная ул.	3	3	45	5	9	разд	кир.	совм.	Балк. НЕТ	жилое	093-761-69-47	
394244	2и	21	Нижний Центр	пл.Руднева	Чигирина ул.	2	2	47	30	8	разд	кир.	разд.	Балк. НЕТ	жилое	093-761-69-47	
394245	1н	39	м. Спортивная	ЖК Плехановский	Плехановская ул.	12	16	52	30	15	разд	кир.	разд.	1 балкон	строительный	093-761-69-47	
394246	2и	49	Центр	дворец бракосочетаний	Культуры ул.	4	4	61	46	9	разд	кир.	разд.	2 балкона	жилое	093-761-69-47	
394248	4и	27	Харьковский район	Безлюдовка	Мостостроителей	1	2	70	46	10	3+1	кир.	совм.	Балк. НЕТ	капитальный	095-391-06-19	
394256	1и	59,999	Нижний Центр	ТРЦ Никольский	Короленко ул.	5	5	45	25	12	смеж	кир.	совм.	Балк. НЕТ	капитальный	050-716-37-08	
394260	3и	12,5	Балаклейский район	Балаклея	1-го Мая	8	9	77	49	9	разд	монол	разд.	2 балкона	косметика	066-103-86-33	
394265	4г	12	Балаклейский район	Балаклея	1-го Мая	9	9	90	70	12	разд	монол	разд.	1 балк.заст.	без ремонта	066-103-86-33	
394267	3и	9,5	Балаклейский район	Балаклея	Цетральная	2	4	75	50	8	разд	кир.	совм.	1 балк.заст.	без ремонта	066-103-86-33	
394268	2и	11	Балаклейский район	Балаклея	Ленина	9	9	52	33	9	разд	пан.	разд.	2 бал.заст.	косметика	066-103-86-33	
394269	1и	8	Балаклейский район	Балаклея	Ленина	2	5	31	17	6	разд	кир.	разд.	1 балкон	жилое	066-103-86-33	
394271	2и	3,5	Балаклейский район	Балаклея	Арсенальная	1	2	42	30	10	смеж	кир.	совм.	Балк. НЕТ	жилое	066-103-86-33	
394272	2и	8	Балаклейский район	Балаклея	Ленина	4	5	50	37	8	разд	пан.	разд.	1 балк.заст.	средний	066-103-86-33	
394280	2и	28	ХТЗ	м.Индустриальная	Плиточная ул.	5	9	55	31	9	разд	пан.	совм.	1 балк.заст.	капитальный	067-918-50-55	
394281	3и	54,999	Центр	метро Майдан Конституции	Кооперативная ул.	2	5	73	54	7	разд	кир.	разд.	Балк. НЕТ	жилое	095-736-56-30	
394282	1п	7,9	ХТЗ	рынок ХТЗ	Таджикская ул.	2	2	21	14	5	разд	кир.	разд.	1 балк.заст.	жилое	067-918-50-55	
394283	2и	22,9	ХТЗ	м. Масельского	Северная	5	5	44	27	7	разд	кир.	совм.	1 балк.заст.	косметика	050-578-50-16	
394284	4и	122	Центр	метро Пушкинская	Пушкинский въезд	2	5	107	70	18	3+1	кир.	разд.	2 бал.заст.	капитальный	095-736-56-30	
394287	3и	24,7	Одесская	строительный магазин	Достоевского ул.	2	2	46	30	7	2+1	кир.	совм.	1 балкон	капитальный	093-812-36-75	
394292	1и	20,5	Салтовка 602м/р	фитнес клуб "Аура"	Познанская ул.	1	9	35	17	7	разд	пан.	разд.	2 бал.заст.	жилое	099-291-48-57	
394295	1г	18	Старая Салтовка	Французский бульвар	Белостокский пер.	1	2	20	17	3	разд	кир.	совм.	Балк. НЕТ	евроремонт	063-643-18-52	
394298	2и	24	Салтовка 608м/р	Сильпо	Гвардейцев Широнинцев ул.	4	5	47	28	6	разд	пан.	разд.	1 балк.заст.	жилое	095-205-81-86	
394300	3и	52	м. Спортивная	151 школа	Фесенковская ул.	6	12	65	44	7	разд	пан.	разд.	1 балк.заст.	средний	099-204-08-02	
394301	1н	45	Алексеевка	м"Алексеевская"	Целиноградская ул.	6	20	58	25	16	разд	монол	совм.	1 балкон	строительный	063-635-74-01	
394305	1г	11,5	Салтовка 626м/р	М Масельского	Благодатная ул.	3	9	27	16	2	разд	кир.	совм.	Балк. НЕТ	капитальный	093-660-26-02	
394306	1и	30,5	Салтовка 603м/р	ТРК УКРАИНА	Тракторостроителей просп.	4	9	33	17	8	разд	пан.	совм.	1 балкон	евроремонт	093-660-26-02	
394309	3и	65	Центр	Павловская площадь	Розы Люксембург пл.	8	8	82	55	8	разд	кир.	разд.	2 бал.заст.	жилое	066-157-40-65	
394313	3и	13	Балаклейский район	Балаклея	Соборная	5	5	55	40	5	2+1	кир.	разд.	1 балк.заст.	косметика	050-738-32-88	
394315	2и	8	Балаклейский район	Балаклея	пл Ростовцева	3	5	44	30	7	смеж	кир.	совм.	1 балк.заст.	косметика	066-103-86-33	
394316	1и	58	Центр	м. Исторический музей	Граборовского	3	4	47	31	8	разд	кир.	совм.	Балк. НЕТ	капитальный	098-240-11-34	
394317	4и	12	Балаклейский район	Балаклея	1-го Мая	9	9	90	70	12	разд	монол	разд.	1 балк.заст.	без ремонта	066-103-86-33	
394320	2и	7	Балаклейский район	Балаклея	Октябрьская	2	5	43	19	7	смеж	кир.	совм.	1 балкон	жилое	095-348-19-65	
394321	2и	9	Балаклейский район	Балаклея	Соборная	5	5	47	36	7	разд	кир.	разд.	1 балкон	косметика	095-348-19-65	
394322	1п	7	Холодная Гора	РОВД	Любви Малой просп.	1	3	29	18	7	разд	кир.	разд.	Балк. НЕТ	жилое	096-589-24-86	
394324	2и	13	Балаклейский район	Балаклея	Соборная	1	5	52	30	8	разд	пан.	разд.	1 балк.заст.	средний	095-867-14-93	
394326	3и	9	Балаклейский район	Балаклея	Соборная	5	9	65	43	7	разд	пан.	разд.	1 балкон	косметика	095-867-14-93	
394328	1и	6	Балаклейский район	Балаклея	Соборная	1	5	36	18	8	разд	пан.	разд.	1 балк.заст.	косметика	095-867-14-93	
394330	2и	11	Балаклейский район	Балаклея	Соборная	1	5	44	30	10	разд	кир.	совм.	Балк. НЕТ	без ремонта	095-867-14-93	
394334	1г	2,8	Балаклейский район	Балаклея	Соборная	3	3	30	20	10	разд	кир.	общий	Балк. НЕТ	жилое	095-867-14-93	
394335	1и	11,8	Балаклейский район	Балаклея	пл. Ростовцева	4	5	33	17	7	разд	кир.	совм.	1 балк.заст.	капитальный	095-867-14-93	
394336	3и	10,9	Балаклейский район	Балаклея	Ивана Франко	1	4	54	40	6	2+1	кир.	совм.	Балк. НЕТ	капитальный	099-348-78-44	
394337	2и	23	Старая Салтовка	ул.Камышева/пр.Л.Ландау	Леонида Быкова ул.	1	2	45	30	5	разд	кир.	совм.	Балк. НЕТ	жилое	050-364-00-35	
394338	3и	9,5	Балаклейский район	Балаклея	Соборная	3	5	55	3	6	смеж	кир.	совм.	1 балк.заст.	жилое	066-103-86-33	
394340	3и	69	Шатиловка	метро Научная	Академика Ляпунова ул.	6	16	70	41	9	разд	пан.	разд.	2 бал.заст.	косметика	063-643-18-52	
394342	1и	21	Новые Дома	метро Армейская	Ощепкова Андрея ул.	5	5	31	17	7	разд	кир.	разд.	1 балк.заст.	капитальный	063-643-18-52	
394343	2и	22	Артема	ул.Энергетическая	Дизельная ул.	2	2	50	29	12	разд	кир.	разд.	2 балкона	косметика	063-643-18-52	
394344	2и	24	Артема	ост.Войкова	Ковтуна ул.	1	2	47	30	10	разд	кир.	совм.	Балк. НЕТ	капитальный	063-643-18-52	
394345	3и	36,5	Нижний Центр	ул.Богдана Хмельницкого	Московский просп.	2	3	67	40	11	разд	кир.	совм.	Балк. НЕТ	косметика	063-643-18-52	
394346	1и	26	Шишковка	ул. Шевченко	Вологодская ул.	1	9	35	19	7	разд	кир.	совм.	1 балк.заст.	косметика	099-291-48-57	
394352	1и	17,499	Восточный	м.Индустриальная (Пролетарская)	Луи Пастера ул.	2	9	33	18	7	разд	пан.	совм.	1 балк.заст.	жилое	067-918-50-55	
394353	4и	45	2 Северная Салтовка	Экватор	Дружбы Народов ул.	5	16	83	52	9	разд	пан.	разд.	3 балк.заст.	без ремонта	099-194-85-70	
394357	2г	11	Салтовка 615м/р	метро Академика Павлова	Гвардейцев Широнинцев ул.	9	9	47	30	4	разд	кир.	общий	Балк. НЕТ	без ремонта	099-194-85-70	
394362	2и	16	м. пл. Восстания	универмаг" Харьков"	Спортивный пер.	1	2	31	24	2	разд	кир.	разд.	Балк. НЕТ	жилое	050-672-60-71	
394363	1г	12	Старая Салтовка	Халтурина	Халтурина ул.	1	2	18	14	2	разд	кир.	совм.	Балк. НЕТ	косметика	099-445-48-02	
394364	3н	65	Алексеевка	Супермаркет "Рост", ст. метро "Победа"	Победы просп.	16	23	118	70	14	разд	монол	2 раз.	2 бал.заст.	строительный	050-672-60-71	
394366	2н	38	Алексеевка	супермаркет "Рост"	Победы просп.	3	23	71	41	10	разд	монол	совм.	1 балк.заст.	строительный	050-672-60-71	
394367	1и	35,5	Салтовка 625м/р	Класс	Салтовское шоссе	5	12	33	17	7	разд	пан.	совм.	1 балк.заст.	евроремонт	099-445-48-02	
394368	3н	85	Павловка	спортклуб Йод	Клочковская ул.	2	9	80	40	19	разд	кир.	2 сов.	2 бал.заст.	евроремонт	063-643-18-52	
394372	1и	25	м. пл. Восстания	Конный рынок	Фесенковская ул.	12	12	33	17	8	разд	пан.	совм.	1 балк.заст.	косметика	063-643-18-52	
394374	2и	52	м. пл. Восстания	7-ми этажка	Московский просп.	6	9	73	39	9	разд	кир.	разд.	2 бал.заст.	жилое	099-204-08-02	
394379	3и	85	Салтовка 602м/р	Медкомплекс	Салтовское шоссе	9	10	82	45	28	разд	кир.	2 сов.	2 бал.заст.	евроремонт	050-138-46-40	
394381	2и	21	Южнопроектная	Метро	Локомотивная ул.	5	5	52	28	9	разд	кир.	совм.	1 балк.заст.	жилое	097-007-90-18	
394382	1г	17,6	Одесская	Одесская	Гагарина просп.	3	4	24	21	3	разд	кир.	совм.	Балк. НЕТ	косметика	096-622-86-39	
394383	1и	23	Харьковский район	Песочин	Набережная	8	9	33	17	6	разд	пан.	разд.	1 балк.заст.	евроремонт	050-263-81-52	
394389	3и	27,5	Рогань	Горизонт	Большая Кольцевая ул.	11	12	77	42	9	разд	пан.	разд.	3 балк.заст.	жилое	067-572-83-36	
394390	3и	27,5	Рогань	Горизонт	Большая Кольцевая ул.	16	16	69	41	9	разд	пан.	совм.	2 бал.1 заст	жилое	067-572-83-36	
394398	2и	16,5	Салтовка 606А м/р	Владимирская Церковь	Светлая ул.	6	9	45	30	5	разд	пан.	совм.	Балк. НЕТ	косметика	066-181-98-81	
394402	1п	7,2	З-д Шевченко	Рынок	Москалевская ул.	10	14	24	16	8	разд	кир.	разд.	1 балкон	косметика	050-281-32-22	
394407	3и	55	Старая Салтовка	" Французский бульвар"	Салтовское шоссе	3	9	85	45	14	разд	кир.	2 сов.	3 балк.заст.	капитальный	050-138-46-40	
394408	3и	35	Салтовка 531м/р	Льва Толстого	Тракторостроителей просп.	2	9	65	45	7	2+1	пан.	совм.	2 бал.заст.	евроремонт	050-956-85-66	
394410	3и	11	Балаклейский район	Балаклея	Соборная	5	5	67	40	9	разд	пан.	разд.	2 бал.заст.	косметика	050-738-32-88	
394413	3и	40	Салтовка 524м/р	м. Героев Труда	Героев Труда ул.	2	9	66	40	6	2+1	пан.	совм.	2 бал.заст.	жилое	066-082-97-82	
394414	4и	30	Салтовка 626м/р	Медкомплекс	Солнечная	14	16	83	54	9	3+1	пан.	разд.	3 балк.заст.	косметика	050-683-64-79	
394415	1и	35	Алексеевка	метро Алексеевская	Людвига Свободы	2	16	40	20	9	разд	пан.	разд.	1 балк.заст.	жилое	068-890-78-84	
394417	3и	110	Центр	метро Научная	Науки просп.	2	5	79	23	33	2+1	кир.	разд.	1 балк.заст.	евроремонт	095-736-56-30	
394418	1и	8	Харьковский район	Циркуны	Соборная	1	1	42	24	16	разд	кир.	совм.	Балк. НЕТ	жилое	066-187-75-52	
394419	2н	60	Алексеевка	Метро"Алексеевская"	Ахсарова ул.	3	10	75	39	13	разд	кир.	разд.	1 балкон	строительный	066-187-75-52	
394420	1и	14	Новоселовка	МЧС	Баварская ул.	2	2	31	19	6	разд	кир.	совм.	Балк. НЕТ	жилое	066-187-75-52	
394421	1и	20,5	Салтовка 602м/р	602-603	Познанская ул.	5	5	31	17	7	разд	кир.	совм.	1 балк.заст.	жилое	096-087-49-27	
394422	2и	28,5	Холодная Гора	с/м Рост	Полтавский Шлях ул.	2	5	45	30	6	смеж	кир.	совм.	1 балк.заст.	без ремонта	099-019-76-58	
394424	1г	17,5	Новые Дома	метро Армейская	Ощепкова Андрея ул.	2	2	16	12	3	разд	кир.	разд.	1 балк.заст.	капитальный	050-029-85-30	
394429	1г	14	Старая Салтовка	ЖК Французский квартал	Салтовское шоссе	4	6	35	27	3	разд	кир.	разд.	1 балк.заст.	строительный	099-194-85-70	
394438	2и	31	Нижний Центр	Цирк	Урицкого	2	9	46	28	7	разд	пан.	совм.	1 балк.заст.	жилое	099-227-02-33	
394443	3и	6,5	Балаклейский район	Балаклея	Цветочная	2	3	62	45	7	2+1	кир.	совм.	Балк. НЕТ	жилое	099-348-78-44	
394450	3и	29,9	Салтовка 605м/р	метро Барабашова	Гвардейцев Широнинцев ул.	3	5	62	44	6	разд	кир.	разд.	1 балкон	жилое	095-736-56-30	
394455	3и	22	Аэропорт	Котляры	Мира ул.	2	5	65	40	8	разд	кир.	разд.	2 бал.заст.	косметика	098-784-78-32	
394456	2и	39,5	2 Северная Салтовка	МЖК Интернационалист	Кричевского ул.	1	12	61	45	10	разд	кир.	разд.	2 бал.заст.	жилое	098-445-06-81	
394457	2и	24	Москалевка	Новый цирк	Москалевская ул.	3	5	47	30	7	смеж	кир.	совм.	1 балк.заст.	жилое	098-445-06-81	
394458	1и	39,9	Нагорный район	м. Пушкинская	Чернышевского ул.	1	5	43	25	8	разд	кир.	совм.	Балк. НЕТ	косметика	066-103-63-73	
394462	1г	11,5	Красный луч	метро	Плехановская ул.	9	14	22	18	3	разд	кир.	разд.	Балк. НЕТ	без ремонта	093-307-37-03	
394474	1п	6,5	Сортировка	Облвоенкомат	Железнодорожная	3	3	21	17	2	разд	кир.	общий	Балк. НЕТ	жилое	095-911-52-63	
394475	2и	27	Салтовка 531м/р	м. Г. Труда	Тракторостроителей просп.	2	9	44	28	6	разд	пан.	разд.	1 балк.заст.	без ремонта	098-240-11-34	
394477	2и	32,5	Новые Дома	М. Дворец Спорта	Академика Юрьева бульв.	1	5	43	28	7	разд	пан.	совм.	Балк. НЕТ	капитальный	050-284-44-24	
394479	2и	5	Балаклейский район	Балаклея	Октябрьская	2	2	45	33	8	смеж	кир.	совм.	1 балк.заст.	косметика	095-348-19-65	
394482	1и	6	Балаклейский район	Балаклея	Стадионная	2	5	41	21	8	разд	кир.	разд.	1 балк.заст.	жилое	095-348-19-65	
394483	3и	7	Балаклейский район	Балаклея	Нефтяников	2	2	62	42	9	2+1	кир.	совм.	1 балк.заст.	капитальный	095-348-19-65	
394484	3и	7	Балаклейский район	Балаклея	Нефтяников	5	5	62	42	9	2+1	кир.	совм.	1 балк.заст.	косметика	095-348-19-65	
394485	4и	10	Балаклейский район	Балаклея	Октябрьская	9	9	72	52	9	разд	кир.	совм.	2 бал.заст.	жилое	095-348-19-65	
394486	3и	10	Балаклейский район	Балаклея	Октябрьская	3	5	60	38	8	разд	кир.	разд.	2 бал.заст.	жилое	095-348-19-65	
394487	3и	11	Балаклейский район	Балаклея	Октябрьская	3	5	60	48	8	разд	кир.	разд.	2 бал.заст.	жилое	095-348-19-65	
394488	3и	14	Балаклейский район	Балаклея	Октябрьская	2	9	63	44	7	разд	кир.	разд.	2 бал.заст.	косметика	095-348-19-65	
394490	3и	12	Балаклейский район	Балаклея	Октябрьская	1	5	65	43	8	разд	кир.	разд.	Балк. НЕТ	капитальный	095-867-14-93	
394491	3и	30	Балаклейский район	Балаклея	Соборная	3	9	82	32	27	разд	кир.	совм.	2 бал.заст.	капитальный	050-738-32-88	
394492	2и	11,8	Москалевка	з-д Шевченко	Основянская ул.	1	1	40	30	6	смеж	кир.	нет	Балк. НЕТ	косметика	099-019-76-58	
394493	1г	15	Салтовка 602м/р	ТЦ Французский бульвар	Фисановича ул.	1	2	30	22	4	разд	кир.	разд.	1 балк.заст.	косметика	099-019-76-58	
393325	3и	24,5	Одесская	ул. Волдайская	Достоевского ул.	2	2	43	30	6	2+1	кир.	совм.	1 балкон	капитальный	073-325-06-05	
393592	2и	22	Салтовка 602м/р	Метро Барабашова	Владислава Зубенко ул.	2	5	40	23	7	разд	пан.	совм.	1 балк.заст.	жилое	050-102-26-56	
393836	4и	19,9	Южный вокзал	ЮЖД	Карповский пер.	1	2	88	60	13	разд	кир.	совм.	Балк. НЕТ	жилое	096-863-72-26	
393962	2и	21	Салтовка 607м/р	М. Героев Труда	Героев Труда ул.	2	5	46	28	6	разд	пан.	совм.	1 балк.заст.	жилое	066-933-01-75	
394106	1и	16	Салтовка 625м/р	Класс	Амосова	4	9	33	20	6	разд	пан.	совм.	1 балк.заст.	жилое	777-777-7-	
394107	1и	18	Салтовка 625м/р	Класс	Салтовское шоссе	5	12	33	17	8	разд	пан.	совм.	1 балк.заст.	жилое	777-777-7-	
394391	2и	29,98	Новые Дома	метро Дворец Спорта		3	5	44	28	6	разд	пан.	совм.	1 балк.заст.	капитальный	095-648-00-67	
394234	1и	23,5	Салтовка 602м/р	Аура	Познанская ул.	4	9	32	17	6	разд	пан.	разд.	1 балк.заст.	косметика	050-029-85-30	
394278	3и	50	Центр	метро Университет	Маяковского ул.	5	5	72	50	11	разд	кир.	разд.	1 балк.заст.	жилое	095-736-56-30	
